[
	{
		"name": "India Beck",
		"memberSince": "May 2, 2022",
		"email": "libero.donec.consectetuer@protonmail.edu",
		"salary": 28588,
		"region": "Puntarenas"
	},
	{
		"name": "Raymond Copeland",
		"memberSince": "Oct 25, 2022",
		"email": "tellus@hotmail.com",
		"salary": 84104,
		"region": "Munster"
	},
	{
		"name": "Jael Robbins",
		"memberSince": "Jun 19, 2021",
		"email": "felis.donec@aol.org",
		"salary": 37436,
		"region": "Dadra and Nagar Haveli"
	},
	{
		"name": "Lamar Bonner",
		"memberSince": "May 11, 2022",
		"email": "diam.nunc.ullamcorper@hotmail.ca",
		"salary": 30202,
		"region": "Zhōngnán"
	},
	{
		"name": "Mollie Shepard",
		"memberSince": "Aug 16, 2022",
		"email": "mauris.ut@google.org",
		"salary": 16160,
		"region": "West Java"
	}
]